date,product,category,region,customer,quantity,revenue,cost
2024-01-01,Product A,Electronics,West,Customer_24,6,24582.56,15260.97
2024-01-01,Product E,Accessories,North,Customer_05,5,6607.03,4286.36
2024-01-01,Product A,Electronics,North,Customer_49,7,28576.27,18729.64
2024-01-01,Product B,Electronics,West,Customer_39,4,10567.31,7732.98
2024-01-01,Product C,Accessories,North,Customer_29,7,6929.49,3690.33
2024-01-01,Product B,Electronics,East,Customer_23,5,14615.11,9526.98
2024-01-02,Product D,Services,West,Customer_23,1,8055.53,7573.44
2024-01-02,Product D,Services,West,Customer_50,1,8942.96,7359.14
2024-01-02,Product A,Electronics,South,Customer_44,4,17109.8,10726.32
2024-01-03,Product B,Electronics,North,Customer_40,3,8144.59,5703.76
2024-01-03,Product E,Accessories,South,Customer_46,6,8629.01,5029.05
2024-01-03,Product B,Electronics,West,Customer_29,4,11121.48,7692.17
2024-01-03,Product A,Electronics,South,Customer_22,8,32957.6,20226.99
2024-01-03,Product C,Accessories,West,Customer_11,6,5404.19,3074.03
2024-01-03,Product C,Accessories,West,Customer_24,6,5709.77,3132.86
2024-01-04,Product B,Electronics,South,Customer_16,2,5415.04,3834.04
2024-01-04,Product E,Accessories,West,Customer_11,7,10297.85,5910.41
2024-01-04,Product C,Accessories,South,Customer_06,7,6290.79,3605.27
2024-01-04,Product A,Electronics,North,Customer_42,5,21022.55,13095.3
2024-01-04,Product A,Electronics,West,Customer_38,8,31922.53,21161.19
2024-01-04,Product A,Electronics,South,Customer_32,6,26902.63,15446.96
2024-01-05,Product D,Services,North,Customer_50,1,7924.89,7425.05
2024-01-05,Product C,Accessories,South,Customer_01,7,6588.91,3587.0
2024-01-05,Product A,Electronics,North,Customer_19,8,35031.31,20599.58
2024-01-05,Product C,Accessories,South,Customer_41,6,5389.72,3193.12
2024-01-05,Product A,Electronics,South,Customer_18,6,23913.61,15604.37
2024-01-06,Product A,Electronics,North,Customer_30,9,38189.41,24134.66
2024-01-06,Product E,Accessories,North,Customer_05,7,10244.29,5811.39
2024-01-06,Product E,Accessories,North,Customer_19,4,5691.44,3287.41
2024-01-06,Product E,Accessories,East,Customer_02,6,8456.03,4959.03
2024-01-06,Product A,Electronics,East,Customer_08,7,30392.68,17962.49
2024-01-06,Product C,Accessories,South,Customer_32,7,7075.97,3642.39
2024-01-06,Product C,Accessories,West,Customer_39,10,9074.26,5345.01
2024-01-06,Product C,Accessories,South,Customer_27,10,9455.91,5179.83
2024-01-06,Product E,Accessories,North,Customer_09,3,4104.55,2587.94
2024-01-07,Product D,Services,North,Customer_50,3,24916.58,22824.27
2024-01-07,Product A,Electronics,North,Customer_25,7,29943.05,18441.84
2024-01-07,Product C,Accessories,North,Customer_39,7,6575.61,3561.9
2024-01-07,Product E,Accessories,North,Customer_28,7,9733.82,5843.28
2024-01-08,Product C,Accessories,East,Customer_10,7,6521.35,3716.91
2024-01-08,Product D,Services,North,Customer_34,3,24812.93,22995.41
2024-01-08,Product B,Electronics,West,Customer_20,7,18699.1,12935.18
2024-01-09,Product C,Accessories,South,Customer_37,7,6412.88,3757.87
2024-01-09,Product E,Accessories,West,Customer_40,5,6791.76,4314.02
2024-01-09,Product E,Accessories,West,Customer_38,5,7243.06,4191.71
2024-01-09,Product C,Accessories,East,Customer_34,4,3764.52,2117.62
2024-01-09,Product C,Accessories,North,Customer_04,5,4448.64,2616.44
2024-01-09,Product C,Accessories,South,Customer_21,7,6343.83,3758.73
2024-01-09,Product E,Accessories,North,Customer_10,4,5208.03,3387.86
2024-01-10,Product E,Accessories,East,Customer_02,2,2925.5,1729.3
2024-01-10,Product C,Accessories,East,Customer_23,8,7108.85,4093.41
2024-01-10,Product A,Electronics,South,Customer_12,9,37443.89,22785.83
2024-01-10,Product C,Accessories,West,Customer_20,9,8566.73,4666.55
2024-01-10,Product B,Electronics,South,Customer_43,6,17923.73,11343.05
2024-01-10,Product E,Accessories,South,Customer_18,3,4417.01,2482.17
2024-01-10,Product E,Accessories,North,Customer_38,4,5287.15,3448.91
2024-01-11,Product B,Electronics,South,Customer_08,3,8253.02,5678.32
2024-01-11,Product B,Electronics,North,Customer_01,8,22417.64,15557.63
2024-01-11,Product C,Accessories,South,Customer_40,12,11140.78,6191.42
2024-01-11,Product A,Electronics,East,Customer_13,8,34027.68,20455.1
2024-01-12,Product A,Electronics,West,Customer_30,8,32040.08,20833.56
2024-01-12,Product D,Services,North,Customer_36,2,17905.35,14689.05
2024-01-12,Product D,Services,North,Customer_30,1,8861.11,7566.76
2024-01-12,Product C,Accessories,South,Customer_01,6,5612.54,3160.51
2024-01-12,Product E,Accessories,North,Customer_43,4,5985.09,3284.68
2024-01-13,Product E,Accessories,North,Customer_28,4,5784.96,3348.61
2024-01-13,Product C,Accessories,South,Customer_41,7,6915.43,3641.57
2024-01-14,Product C,Accessories,East,Customer_28,10,9314.55,5185.02
2024-01-14,Product A,Electronics,West,Customer_38,6,23843.22,16072.58
2024-01-14,Product D,Services,North,Customer_14,2,16452.9,15120.54
2024-01-14,Product D,Services,North,Customer_45,1,8761.3,7421.01
2024-01-14,Product C,Accessories,East,Customer_22,8,7690.62,4110.38
2024-01-14,Product C,Accessories,North,Customer_31,7,6476.69,3597.76
2024-01-14,Product E,Accessories,East,Customer_16,2,2991.36,1654.64
2024-01-15,Product E,Accessories,South,Customer_09,3,4486.74,2523.88
2024-01-15,Product B,Electronics,South,Customer_28,7,19184.88,13034.94
2024-01-16,Product B,Electronics,North,Customer_51,3,8523.95,5842.39
2024-01-16,Product E,Accessories,South,Customer_02,6,8183.1,5089.98
2024-01-16,Product B,Electronics,East,Customer_01,3,8855.39,5819.24
2024-01-16,Product C,Accessories,South,Customer_11,9,8153.64,4726.87
2024-01-17,Product A,Electronics,South,Customer_26,8,33624.6,21268.23
2024-01-17,Product A,Electronics,North,Customer_38,9,39997.73,23545.31
2024-01-17,Product A,Electronics,East,Customer_24,9,38851.33,23470.83
2024-01-17,Product C,Accessories,South,Customer_03,8,7235.78,4177.34
2024-01-17,Product C,Accessories,East,Customer_06,3,2833.98,1559.18
2024-01-17,Product B,Electronics,South,Customer_10,2,5258.51,3863.33
2024-01-17,Product A,Electronics,West,Customer_24,8,32829.5,21031.32
2024-01-18,Product C,Accessories,West,Customer_37,7,6826.26,3687.11
2024-01-18,Product A,Electronics,North,Customer_26,6,25774.84,15811.68
2024-01-18,Product A,Electronics,South,Customer_29,7,29292.58,18126.16
2024-01-18,Product D,Services,East,Customer_15,2,16937.21,15557.75
2024-01-18,Product A,Electronics,South,Customer_48,6,25915.77,15635.01
2024-01-18,Product E,Accessories,South,Customer_06,2,2868.27,1719.73
2024-01-18,Product B,Electronics,East,Customer_02,9,24980.48,16934.04
2024-01-18,Product E,Accessories,South,Customer_22,6,8130.6,4992.74
2024-01-18,Product B,Electronics,South,Customer_15,7,20237.81,13367.83
2024-01-19,Product C,Accessories,North,Customer_28,8,7495.55,4274.38
2024-01-19,Product B,Electronics,West,Customer_34,5,13534.59,9464.31
2024-01-19,Product A,Electronics,North,Customer_21,4,17291.41,10260.52
2024-01-19,Product A,Electronics,North,Customer_14,6,26304.82,15461.05
2024-01-19,Product A,Electronics,West,Customer_35,6,25620.04,15781.37
2024-01-19,Product E,Accessories,East,Customer_43,7,9118.73,5958.99
2024-01-19,Product C,Accessories,North,Customer_43,6,5377.24,3221.7
2024-01-20,Product B,Electronics,East,Customer_39,2,5638.41,3887.7
2024-01-20,Product A,Electronics,East,Customer_31,8,35491.16,20474.12
2024-01-20,Product B,Electronics,East,Customer_15,1,2643.0,1871.41
2024-01-20,Product B,Electronics,North,Customer_17,3,8314.4,5744.27
2024-01-20,Product B,Electronics,East,Customer_21,6,17309.89,11543.03
2024-01-20,Product B,Electronics,North,Customer_41,4,11551.28,7621.11
2024-01-21,Product C,Accessories,North,Customer_03,4,4015.33,2138.15
2024-01-21,Product C,Accessories,East,Customer_15,9,8650.33,4761.77
2024-01-21,Product C,Accessories,East,Customer_23,7,6553.2,3575.98
2024-01-21,Product E,Accessories,North,Customer_04,9,11864.09,7364.96
2024-01-21,Product B,Electronics,South,Customer_04,5,13125.2,9553.82
2024-01-21,Product E,Accessories,East,Customer_17,4,5435.69,3315.67
2024-01-21,Product B,Electronics,West,Customer_35,3,8749.4,5710.94
2024-01-21,Product E,Accessories,South,Customer_46,5,6936.5,4150.06
2024-01-22,Product D,Services,South,Customer_18,1,8456.46,7507.28
2024-01-22,Product A,Electronics,East,Customer_29,6,26142.5,15643.1
2024-01-22,Product E,Accessories,North,Customer_41,5,6649.08,4246.05
2024-01-23,Product A,Electronics,South,Customer_38,7,30367.05,18245.83
2024-01-23,Product C,Accessories,East,Customer_45,7,6671.66,3687.26
2024-01-23,Product D,Services,East,Customer_45,2,16765.36,15358.21
2024-01-23,Product E,Accessories,West,Customer_46,3,4460.25,2531.05
2024-01-23,Product C,Accessories,South,Customer_10,6,5966.15,3076.98
2024-01-23,Product C,Accessories,East,Customer_10,7,6300.39,3658.59
2024-01-24,Product A,Electronics,South,Customer_03,10,43725.57,25856.49
2024-01-24,Product C,Accessories,North,Customer_11,6,5785.88,3185.1
2024-01-24,Product E,Accessories,North,Customer_06,2,2779.23,1635.65
2024-01-24,Product A,Electronics,West,Customer_18,8,32417.02,20722.94
2024-01-24,Product D,Services,East,Customer_12,5,45470.32,37603.99
2024-01-24,Product B,Electronics,East,Customer_12,6,15998.62,11613.98
2024-01-24,Product E,Accessories,South,Customer_11,3,4089.33,2488.27
2024-01-25,Product A,Electronics,West,Customer_05,9,36018.02,23128.92
2024-01-25,Product C,Accessories,South,Customer_37,10,9687.03,5100.14
2024-01-25,Product B,Electronics,South,Customer_35,5,13208.13,9734.29
2024-01-26,Product E,Accessories,North,Customer_43,5,6510.65,4195.95
2024-01-26,Product A,Electronics,East,Customer_32,5,20179.45,13010.51
2024-01-26,Product B,Electronics,East,Customer_52,3,8467.35,5837.17
2024-01-27,Product D,Services,East,Customer_52,3,25819.18,22025.4
2024-01-27,Product C,Accessories,North,Customer_42,9,8830.11,4570.91
2024-01-27,Product C,Accessories,East,Customer_11,11,10183.76,5828.83
2024-01-27,Product C,Accessories,West,Customer_28,10,9007.37,5286.0
2024-01-27,Product C,Accessories,North,Customer_40,7,7001.14,3730.91
2024-01-27,Product B,Electronics,East,Customer_40,5,14713.53,9256.47
2024-01-27,Product C,Accessories,North,Customer_19,4,3970.81,2036.27
2024-01-27,Product B,Electronics,North,Customer_24,5,14733.12,9327.89
2024-01-27,Product B,Electronics,East,Customer_31,6,16304.39,11619.01
2024-02-01,Product A,Electronics,North,Customer_46,9,39011.69,22990.39
2024-02-01,Product A,Electronics,East,Customer_49,1,4153.57,2604.52
2024-02-01,Product C,Accessories,North,Customer_33,12,12652.84,6144.52
2024-02-02,Product A,Electronics,South,Customer_40,4,16689.14,10522.86
2024-02-02,Product A,Electronics,North,Customer_13,8,34482.57,20455.46
2024-02-02,Product A,Electronics,West,Customer_30,6,25498.88,15474.59
2024-02-02,Product C,Accessories,West,Customer_16,9,9211.01,4674.12
2024-02-02,Product D,Services,East,Customer_29,7,58148.06,54046.27
2024-02-02,Product B,Electronics,North,Customer_18,3,8815.14,5546.8
2024-02-03,Product E,Accessories,East,Customer_13,3,4293.66,2564.32
2024-02-03,Product A,Electronics,East,Customer_03,8,35935.77,20985.16
2024-02-03,Product C,Accessories,East,Customer_18,11,11395.1,5608.93
2024-02-03,Product C,Accessories,North,Customer_07,4,4410.78,2147.18
2024-02-03,Product C,Accessories,East,Customer_48,12,12556.57,6266.8
2024-02-03,Product C,Accessories,South,Customer_05,7,7245.4,3646.58
2024-02-03,Product D,Services,East,Customer_28,3,24745.06,22311.98
2024-02-03,Product C,Accessories,North,Customer_06,9,9758.24,4712.35
2024-02-04,Product B,Electronics,East,Customer_02,5,14450.49,9797.06
2024-02-04,Product E,Accessories,East,Customer_27,7,9470.24,5801.57
2024-02-04,Product A,Electronics,East,Customer_44,9,36015.72,23403.89
2024-02-04,Product E,Accessories,North,Customer_11,1,1413.09,858.12
2024-02-04,Product B,Electronics,North,Customer_30,6,18000.79,11113.58
2024-02-04,Product C,Accessories,West,Customer_04,8,9339.54,4097.66
2024-02-04,Product D,Services,West,Customer_33,3,25724.76,22067.65
2024-02-04,Product C,Accessories,West,Customer_34,7,8136.48,3612.51
2024-02-05,Product A,Electronics,West,Customer_31,6,24979.75,15885.07
2024-02-05,Product C,Accessories,East,Customer_49,9,9239.97,4692.74
2024-02-05,Product A,Electronics,South,Customer_13,7,30972.24,18659.7
2024-02-05,Product A,Electronics,West,Customer_20,8,32400.44,21274.0
2024-02-06,Product C,Accessories,North,Customer_44,8,9194.14,4283.63
2024-02-06,Product E,Accessories,North,Customer_21,8,11633.57,6664.86
2024-02-06,Product C,Accessories,North,Customer_18,7,7347.06,3664.81
2024-02-06,Product C,Accessories,North,Customer_26,7,7281.27,3686.18
2024-02-07,Product A,Electronics,West,Customer_09,6,24229.68,15649.28
2024-02-08,Product D,Services,West,Customer_10,4,34217.68,30846.02
2024-02-08,Product B,Electronics,West,Customer_04,5,13835.5,9467.41
2024-02-08,Product B,Electronics,South,Customer_39,6,17401.8,11600.31
2024-02-08,Product B,Electronics,West,Customer_37,3,8900.0,5609.15
2024-02-08,Product A,Electronics,East,Customer_31,4,15869.03,10134.57
2024-02-09,Product E,Accessories,West,Customer_35,3,4474.98,2469.32
2024-02-09,Product E,Accessories,South,Customer_28,4,5783.54,3355.53
2024-02-09,Product C,Accessories,West,Customer_12,5,5471.87,2681.86
2024-02-10,Product A,Electronics,South,Customer_44,6,26752.33,15201.67
2024-02-10,Product A,Electronics,South,Customer_35,10,40456.62,26369.21
2024-02-10,Product A,Electronics,South,Customer_44,5,19732.88,12685.34
2024-02-10,Product C,Accessories,North,Customer_37,6,6373.98,3100.28
2024-02-10,Product B,Electronics,West,Customer_48,6,16277.42,11187.24
2024-02-10,Product B,Electronics,East,Customer_50,2,6016.84,3741.28
2024-02-10,Product A,Electronics,East,Customer_33,10,42333.69,25460.89
2024-02-11,Product E,Accessories,North,Customer_34,1,1456.25,863.7
2024-02-11,Product C,Accessories,East,Customer_47,7,8179.71,3747.84
2024-02-11,Product A,Electronics,South,Customer_40,10,41196.75,25469.46
2024-02-11,Product E,Accessories,South,Customer_12,3,4108.36,2508.26
2024-02-11,Product B,Electronics,South,Customer_44,5,13974.5,9365.52
2024-02-11,Product B,Electronics,East,Customer_40,4,10943.1,7497.64
2024-02-11,Product E,Accessories,West,Customer_26,5,6845.67,4253.6
2024-02-11,Product A,Electronics,East,Customer_25,6,25393.68,15250.16
2024-02-11,Product A,Electronics,West,Customer_29,9,37264.43,24038.95
2024-02-12,Product C,Accessories,East,Customer_11,9,9812.83,4820.75
2024-02-12,Product E,Accessories,West,Customer_17,9,13191.67,7612.5
2024-02-12,Product E,Accessories,South,Customer_49,3,4001.52,2527.04
2024-02-12,Product E,Accessories,North,Customer_32,7,9351.02,6011.45
2024-02-12,Product A,Electronics,East,Customer_03,4,17787.9,10538.28
2024-02-12,Product C,Accessories,East,Customer_18,4,4581.75,2109.96
2024-02-12,Product B,Electronics,North,Customer_45,5,15362.35,9355.38
2024-02-12,Product D,Services,South,Customer_04,3,23793.16,22869.43
2024-02-12,Product D,Services,South,Customer_49,4,33575.72,30696.48
2024-02-12,Product B,Electronics,South,Customer_45,5,14666.55,9627.32
2024-02-13,Product A,Electronics,North,Customer_28,7,29070.4,18355.88
2024-02-13,Product C,Accessories,North,Customer_36,8,8600.73,4175.98
2024-02-13,Product C,Accessories,West,Customer_21,7,7114.5,3631.18
2024-02-13,Product C,Accessories,South,Customer_04,8,8834.32,4099.28
2024-02-13,Product C,Accessories,East,Customer_42,6,6447.04,3169.77
2024-02-13,Product B,Electronics,North,Customer_09,3,9326.37,5869.67
2024-02-13,Product B,Electronics,East,Customer_02,6,17993.16,11490.25
2024-02-13,Product B,Electronics,West,Customer_30,4,11570.37,7788.17
2024-02-13,Product C,Accessories,West,Customer_50,8,9238.88,4304.91
2024-02-13,Product A,Electronics,East,Customer_41,2,8711.88,5335.82
2024-02-14,Product C,Accessories,West,Customer_38,9,9700.31,4690.29
2024-02-14,Product A,Electronics,South,Customer_41,7,29033.56,18180.0
2024-02-14,Product D,Services,South,Customer_49,3,25138.93,23060.2
2024-02-14,Product E,Accessories,North,Customer_34,5,6540.67,4298.18
2024-02-15,Product A,Electronics,South,Customer_52,4,16033.84,10292.12
2024-02-15,Product C,Accessories,East,Customer_34,8,9325.68,4073.14
2024-02-15,Product E,Accessories,South,Customer_51,4,5609.71,3355.61
2024-02-15,Product C,Accessories,West,Customer_18,8,8404.2,4064.48
2024-02-15,Product A,Electronics,North,Customer_18,4,17498.79,10671.49
2024-02-15,Product E,Accessories,East,Customer_37,4,5519.64,3348.42
2024-02-15,Product A,Electronics,North,Customer_13,7,31378.32,18184.48
2024-02-16,Product A,Electronics,East,Customer_11,8,32334.22,20293.37
2024-02-16,Product E,Accessories,North,Customer_18,1,1488.27,859.55
2024-02-16,Product A,Electronics,North,Customer_13,7,29330.72,17915.78
2024-02-16,Product A,Electronics,West,Customer_14,6,24791.81,15758.86
2024-02-16,Product B,Electronics,South,Customer_51,1,2877.18,1847.3
2024-02-16,Product B,Electronics,West,Customer_32,7,20580.09,13188.14
2024-02-16,Product A,Electronics,West,Customer_45,10,40220.32,25615.04
2024-02-17,Product E,Accessories,East,Customer_38,4,5250.35,3349.26
2024-02-17,Product B,Electronics,South,Customer_16,7,20555.99,13553.31
2024-02-17,Product A,Electronics,North,Customer_08,5,21663.03,12782.34
2024-02-17,Product C,Accessories,West,Customer_15,7,7984.7,3758.8
2024-02-17,Product C,Accessories,North,Customer_08,7,7296.09,3644.5
2024-02-17,Product C,Accessories,West,Customer_12,9,10268.05,4765.75
2024-02-17,Product E,Accessories,East,Customer_23,7,9633.24,5948.68
2024-02-18,Product D,Services,East,Customer_35,6,50157.42,45278.71
2024-02-18,Product E,Accessories,East,Customer_10,7,9261.52,5753.64
2024-02-18,Product D,Services,North,Customer_48,6,50599.4,46405.62
2024-02-18,Product B,Electronics,East,Customer_16,3,8513.2,5742.11
2024-02-18,Product A,Electronics,East,Customer_47,3,13204.41,7977.21
2024-02-19,Product A,Electronics,West,Customer_19,8,35871.56,21446.64
2024-02-19,Product C,Accessories,South,Customer_18,7,7805.65,3680.73
2024-02-19,Product C,Accessories,West,Customer_29,6,6708.35,3171.83
2024-02-19,Product B,Electronics,East,Customer_50,7,21337.31,13440.73
2024-02-19,Product D,Services,West,Customer_50,6,53264.36,45599.45
2024-02-19,Product A,Electronics,South,Customer_31,8,33502.29,20600.48
2024-02-19,Product D,Services,South,Customer_19,1,7984.29,7742.84
2024-02-20,Product D,Services,East,Customer_12,3,26106.45,22169.83
2024-02-20,Product A,Electronics,North,Customer_50,8,34676.48,21423.13
2024-02-20,Product B,Electronics,South,Customer_52,4,11287.18,7611.0
2024-02-20,Product A,Electronics,North,Customer_47,5,21107.88,13231.24
2024-02-20,Product A,Electronics,South,Customer_02,7,27739.66,18700.75
2024-02-20,Product A,Electronics,North,Customer_42,9,37700.26,22898.99
2024-02-21,Product E,Accessories,East,Customer_13,1,1413.69,819.35
2024-02-21,Product B,Electronics,North,Customer_33,5,13550.31,9355.49
2024-02-21,Product C,Accessories,West,Customer_44,9,9222.97,4768.75
2024-02-21,Product B,Electronics,South,Customer_31,4,11715.03,7457.55
2024-02-21,Product B,Electronics,South,Customer_08,3,8904.83,5690.41
2024-02-21,Product B,Electronics,South,Customer_46,5,15389.77,9337.76
2024-02-21,Product C,Accessories,West,Customer_38,10,11000.42,5316.05
2024-02-22,Product E,Accessories,South,Customer_34,1,1429.25,831.68
2024-02-22,Product B,Electronics,North,Customer_45,1,2930.94,1933.48
2024-02-22,Product D,Services,East,Customer_35,2,16303.13,15197.04
2024-02-22,Product A,Electronics,North,Customer_02,9,39170.33,22912.11
2024-02-22,Product E,Accessories,North,Customer_19,4,5351.74,3284.43
2024-02-23,Product C,Accessories,West,Customer_13,7,7665.09,3715.01
2024-02-23,Product C,Accessories,South,Customer_44,8,8441.17,4220.46
2024-02-23,Product E,Accessories,East,Customer_15,6,8874.79,5008.29
2024-02-23,Product C,Accessories,North,Customer_42,8,8929.79,4217.01
2024-02-23,Product B,Electronics,North,Customer_36,3,8472.92,5578.25
2024-02-24,Product B,Electronics,East,Customer_15,4,12123.35,7537.9
2024-02-24,Product E,Accessories,North,Customer_10,6,8418.4,4995.31
2024-02-24,Product D,Services,East,Customer_07,3,24461.95,22652.87
2024-02-24,Product D,Services,South,Customer_24,5,42846.34,37500.37
2024-02-25,Product D,Services,East,Customer_45,2,17713.02,14875.05
2024-02-25,Product B,Electronics,East,Customer_01,3,8433.4,5595.77
2024-02-25,Product A,Electronics,South,Customer_01,10,44396.17,26105.57
2024-02-25,Product A,Electronics,East,Customer_35,9,38063.11,22858.45
2024-02-25,Product D,Services,East,Customer_47,3,27115.68,23238.61
2024-02-26,Product E,Accessories,East,Customer_31,3,4444.17,2516.43
2024-02-26,Product A,Electronics,South,Customer_16,6,26801.51,15638.36
2024-02-26,Product A,Electronics,West,Customer_03,8,31260.02,21302.68
2024-02-26,Product D,Services,North,Customer_17,2,16801.9,15282.48
2024-02-26,Product B,Electronics,North,Customer_52,4,12412.85,7660.38
2024-02-27,Product E,Accessories,South,Customer_19,6,8826.48,5000.79
2024-02-27,Product A,Electronics,South,Customer_25,8,32440.67,20788.68
2024-02-27,Product E,Accessories,East,Customer_01,3,4492.0,2529.39
2024-02-27,Product E,Accessories,East,Customer_01,4,5656.04,3272.84
2024-02-27,Product C,Accessories,East,Customer_40,7,7412.59,3757.61
2024-02-27,Product C,Accessories,North,Customer_31,9,9763.65,4591.59
2024-02-27,Product B,Electronics,West,Customer_44,2,6059.56,3915.13
2024-02-27,Product D,Services,South,Customer_50,4,36152.17,29732.91
2024-02-27,Product E,Accessories,North,Customer_52,6,8241.21,5061.99
2024-03-01,Product B,Electronics,West,Customer_17,1,3066.95,1899.83
2024-03-01,Product C,Accessories,South,Customer_47,8,9299.41,4131.81
2024-03-01,Product B,Electronics,North,Customer_43,7,22472.66,13430.6
2024-03-01,Product C,Accessories,North,Customer_36,7,8094.13,3631.39
2024-03-01,Product D,Services,West,Customer_43,3,24847.84,22440.21
2024-03-02,Product A,Electronics,West,Customer_45,11,49385.91,28933.34
2024-03-02,Product A,Electronics,North,Customer_26,9,38994.96,23430.8
2024-03-02,Product B,Electronics,West,Customer_26,6,18110.46,11451.65
2024-03-03,Product D,Services,East,Customer_52,6,51690.1,46242.77
2024-03-03,Product C,Accessories,South,Customer_11,9,9989.38,4751.95
2024-03-03,Product C,Accessories,North,Customer_45,6,6264.85,3084.33
2024-03-03,Product D,Services,West,Customer_03,4,34535.96,30896.77
2024-03-03,Product B,Electronics,West,Customer_16,5,14907.27,9795.72
2024-03-04,Product A,Electronics,East,Customer_07,9,37916.62,23040.18
2024-03-04,Product C,Accessories,North,Customer_49,5,5122.4,2596.86
2024-03-04,Product C,Accessories,North,Customer_16,7,7297.23,3765.93
2024-03-04,Product D,Services,North,Customer_48,2,16228.76,14845.99
2024-03-04,Product B,Electronics,South,Customer_34,2,6060.27,3919.27
2024-03-04,Product C,Accessories,East,Customer_29,7,7681.81,3625.05
2024-03-04,Product C,Accessories,South,Customer_31,7,7557.54,3709.41
2024-03-05,Product C,Accessories,South,Customer_02,7,8144.75,3649.32
2024-03-05,Product C,Accessories,North,Customer_02,7,7956.64,3715.06
2024-03-05,Product C,Accessories,West,Customer_14,8,8544.6,4237.56
2024-03-05,Product E,Accessories,South,Customer_35,3,4099.8,2511.41
2024-03-05,Product C,Accessories,North,Customer_31,7,7187.12,3680.16
2024-03-06,Product A,Electronics,South,Customer_26,9,38644.16,23645.63
2024-03-06,Product C,Accessories,North,Customer_17,6,6672.6,3065.22
2024-03-06,Product E,Accessories,South,Customer_52,3,4393.67,2524.28
2024-03-07,Product A,Electronics,East,Customer_25,6,24406.63,15793.35
2024-03-07,Product C,Accessories,North,Customer_46,8,8570.24,4290.68
2024-03-07,Product C,Accessories,North,Customer_30,12,13752.6,6258.12
2024-03-07,Product C,Accessories,East,Customer_05,8,8589.98,4220.83
2024-03-07,Product E,Accessories,East,Customer_50,2,2723.77,1714.08
2024-03-08,Product C,Accessories,West,Customer_16,10,11127.54,5337.01
2024-03-08,Product D,Services,West,Customer_38,7,56216.45,51900.69
2024-03-08,Product B,Electronics,West,Customer_50,3,8814.46,5656.74
2024-03-08,Product B,Electronics,South,Customer_47,7,21633.51,13518.12
2024-03-08,Product A,Electronics,East,Customer_18,6,25817.95,15305.89
2024-03-08,Product E,Accessories,West,Customer_27,6,7924.36,5012.81
2024-03-08,Product C,Accessories,South,Customer_44,8,8176.71,4209.64
2024-03-08,Product B,Electronics,East,Customer_10,1,2842.29,1916.98
2024-03-09,Product A,Electronics,South,Customer_27,6,26706.05,15157.97
2024-03-09,Product B,Electronics,North,Customer_08,3,9377.23,5835.78
2024-03-10,Product A,Electronics,North,Customer_07,8,34750.57,20634.01
2024-03-10,Product A,Electronics,East,Customer_08,4,16753.36,10193.45
2024-03-10,Product C,Accessories,East,Customer_39,7,7496.83,3747.74
2024-03-10,Product B,Electronics,South,Customer_37,7,21023.23,13009.56
2024-03-10,Product D,Services,North,Customer_03,1,9007.17,7419.11
2024-03-10,Product C,Accessories,South,Customer_06,7,7224.72,3584.04
2024-03-10,Product A,Electronics,South,Customer_40,5,22126.29,13252.45
2024-03-10,Product C,Accessories,North,Customer_29,11,12141.24,5779.59
2024-03-10,Product B,Electronics,West,Customer_08,4,11925.86,7808.64
2024-03-11,Product C,Accessories,South,Customer_12,6,6767.28,3139.31
2024-03-11,Product A,Electronics,West,Customer_22,8,34355.99,20483.94
2024-03-11,Product D,Services,East,Customer_24,5,44753.81,38832.85
2024-03-11,Product B,Electronics,South,Customer_41,5,14467.34,9308.59
2024-03-11,Product A,Electronics,East,Customer_31,7,29087.74,18742.88
2024-03-12,Product C,Accessories,West,Customer_12,8,8660.5,4139.28
2024-03-12,Product C,Accessories,East,Customer_41,9,10377.96,4714.16
2024-03-12,Product C,Accessories,South,Customer_35,8,9027.76,4168.41
2024-03-12,Product E,Accessories,North,Customer_30,6,8390.64,5165.53
2024-03-12,Product D,Services,West,Customer_21,4,34629.65,30395.51
2024-03-13,Product C,Accessories,East,Customer_42,5,5343.45,2647.49
2024-03-13,Product C,Accessories,East,Customer_40,7,7613.0,3737.47
2024-03-13,Product C,Accessories,North,Customer_17,9,9939.26,4753.5
2024-03-13,Product A,Electronics,South,Customer_05,8,33926.69,20344.5
2024-03-14,Product A,Electronics,West,Customer_51,8,34184.0,20426.13
2024-03-14,Product E,Accessories,West,Customer_42,3,4032.21,2579.51
2024-03-14,Product B,Electronics,South,Customer_13,4,11599.33,7408.15
2024-03-15,Product B,Electronics,West,Customer_52,6,18766.48,11173.18
2024-03-15,Product B,Electronics,South,Customer_40,4,12818.19,7488.09
2024-03-15,Product E,Accessories,North,Customer_01,2,2818.04,1665.1
2024-03-15,Product A,Electronics,West,Customer_16,6,24266.86,15203.28
2024-03-16,Product A,Electronics,South,Customer_29,6,25739.13,15851.45
2024-03-16,Product C,Accessories,East,Customer_23,6,6547.02,3201.67
2024-03-16,Product C,Accessories,West,Customer_17,10,11375.26,5378.12
2024-03-16,Product A,Electronics,South,Customer_43,8,35181.38,21154.96
2024-03-16,Product A,Electronics,South,Customer_22,5,22327.63,12763.36
2024-03-16,Product B,Electronics,West,Customer_08,8,25094.01,15155.98
2024-03-16,Product D,Services,North,Customer_30,3,27078.33,22702.22
2024-03-16,Product A,Electronics,East,Customer_13,6,24042.83,15302.07
2024-03-16,Product B,Electronics,South,Customer_33,1,2872.0,1954.6
2024-03-16,Product E,Accessories,South,Customer_39,8,11534.01,6720.02
2024-03-16,Product E,Accessories,South,Customer_11,6,7834.17,4978.43
2024-03-16,Product A,Electronics,West,Customer_43,8,35138.87,20495.98
2024-03-17,Product D,Services,West,Customer_06,2,17474.0,15075.28
2024-03-17,Product A,Electronics,South,Customer_06,12,51580.09,31740.16
2024-03-17,Product E,Accessories,North,Customer_49,3,3947.9,2532.26
2024-03-17,Product B,Electronics,South,Customer_31,5,15750.33,9789.49
2024-03-17,Product B,Electronics,North,Customer_05,3,8760.86,5666.53
2024-03-17,Product D,Services,North,Customer_14,1,8083.64,7429.3
2024-03-17,Product B,Electronics,East,Customer_42,5,14714.02,9491.72
2024-03-17,Product E,Accessories,South,Customer_41,3,4057.0,2584.52
2024-03-17,Product A,Electronics,North,Customer_24,8,33818.22,21132.8
2024-03-17,Product A,Electronics,North,Customer_01,3,12852.33,8029.39
2024-03-17,Product E,Accessories,West,Customer_13,6,7824.42,5095.18
2024-03-17,Product D,Services,South,Customer_05,2,18092.35,14769.85
2024-03-18,Product A,Electronics,South,Customer_18,6,25590.49,15479.03
2024-03-18,Product C,Accessories,South,Customer_18,11,11472.81,5708.33
2024-03-18,Product C,Accessories,West,Customer_36,6,6815.06,3078.05
2024-03-18,Product B,Electronics,West,Customer_42,4,11690.7,7404.82
2024-03-18,Product A,Electronics,West,Customer_29,8,31423.01,20387.56
2024-03-19,Product C,Accessories,East,Customer_46,7,7972.18,3563.8
2024-03-19,Product C,Accessories,West,Customer_34,9,10361.94,4832.45
2024-03-19,Product E,Accessories,South,Customer_02,6,8555.17,4955.46
2024-03-19,Product C,Accessories,East,Customer_48,8,9090.14,4234.06
2024-03-19,Product D,Services,West,Customer_14,5,43824.76,38279.1
2024-03-20,Product E,Accessories,North,Customer_07,3,4287.97,2475.79
2024-03-20,Product C,Accessories,North,Customer_02,7,8081.95,3744.96
2024-03-20,Product C,Accessories,South,Customer_47,13,14277.1,6703.41
2024-03-20,Product C,Accessories,North,Customer_05,8,8858.46,4061.12
2024-03-20,Product B,Electronics,South,Customer_13,3,8525.31,5883.15
2024-03-20,Product D,Services,North,Customer_44,2,16899.07,14831.5
2024-03-21,Product B,Electronics,East,Customer_03,3,8523.15,5573.47
2024-03-21,Product C,Accessories,South,Customer_01,9,9535.02,4734.68
2024-03-21,Product A,Electronics,North,Customer_46,5,20840.83,12755.01
2024-03-21,Product B,Electronics,East,Customer_06,7,22271.61,13093.86
2024-03-22,Product D,Services,East,Customer_37,4,33611.86,29794.11
2024-03-22,Product E,Accessories,South,Customer_01,6,7852.8,5071.61
2024-03-22,Product C,Accessories,East,Customer_41,6,6367.27,3110.9
2024-03-22,Product B,Electronics,South,Customer_12,6,17989.83,11255.34
2024-03-22,Product D,Services,North,Customer_06,4,33278.2,30387.37
2024-03-22,Product C,Accessories,North,Customer_23,8,9089.46,4147.04
2024-03-22,Product C,Accessories,North,Customer_11,7,7949.69,3556.87
2024-03-22,Product B,Electronics,West,Customer_28,4,12781.4,7648.18
2024-03-22,Product D,Services,North,Customer_01,1,8607.04,7488.14
2024-03-23,Product E,Accessories,East,Customer_51,6,8554.27,5119.43
2024-03-23,Product E,Accessories,North,Customer_18,8,11238.15,6870.96
2024-03-23,Product A,Electronics,South,Customer_39,6,23852.25,15682.03
2024-03-23,Product C,Accessories,North,Customer_40,10,10892.82,5110.88
2024-03-23,Product C,Accessories,South,Customer_01,5,5786.04,2570.14
2024-03-23,Product B,Electronics,East,Customer_33,4,12820.25,7534.98
2024-03-24,Product B,Electronics,North,Customer_10,9,26591.78,17529.88
2024-03-24,Product E,Accessories,North,Customer_37,4,5924.91,3294.84
2024-03-24,Product C,Accessories,West,Customer_50,11,12586.75,5714.94
2024-03-24,Product A,Electronics,West,Customer_10,8,35602.01,21044.66
2024-03-24,Product A,Electronics,West,Customer_44,9,38928.26,22966.36
2024-03-24,Product E,Accessories,East,Customer_45,4,5246.69,3273.74
2024-03-24,Product E,Accessories,North,Customer_06,7,10370.84,5780.96
2024-03-24,Product C,Accessories,East,Customer_23,11,12819.81,5902.65
2024-03-24,Product B,Electronics,East,Customer_38,6,17997.66,11603.54
2024-03-24,Product C,Accessories,East,Customer_09,8,8504.94,4118.89
2024-03-25,Product D,Services,North,Customer_47,1,8284.75,7743.72
2024-03-25,Product C,Accessories,East,Customer_07,7,8151.97,3738.97
2024-03-25,Product A,Electronics,East,Customer_21,7,31211.46,18269.95
2024-03-25,Product D,Services,North,Customer_50,1,7999.81,7720.85
2024-03-25,Product E,Accessories,East,Customer_14,5,7466.09,4229.93
2024-03-26,Product A,Electronics,East,Customer_46,6,24546.88,15205.27
2024-03-26,Product C,Accessories,North,Customer_33,7,7751.26,3730.19
2024-03-26,Product A,Electronics,East,Customer_10,8,32366.98,21375.29
2024-03-26,Product A,Electronics,North,Customer_42,8,32493.13,21094.69
2024-03-27,Product C,Accessories,West,Customer_08,5,5367.75,2562.12
2024-03-27,Product E,Accessories,South,Customer_27,3,3998.8,2475.77
2024-03-27,Product A,Electronics,North,Customer_28,8,33463.53,21082.82
2024-03-27,Product C,Accessories,North,Customer_36,6,6267.68,3093.42
2024-03-27,Product A,Electronics,South,Customer_50,11,45083.92,28574.72
2024-03-27,Product C,Accessories,North,Customer_10,6,6675.37,3153.01
2024-04-01,Product C,Accessories,East,Customer_25,7,5726.58,3556.97
2024-04-01,Product D,Services,West,Customer_15,5,30144.37,38621.39
2024-04-01,Product E,Accessories,East,Customer_02,4,4996.62,3409.61
2024-04-01,Product A,Electronics,North,Customer_41,3,8980.93,7865.83
2024-04-01,Product E,Accessories,North,Customer_23,5,7148.48,4083.61
2024-04-01,Product E,Accessories,East,Customer_06,6,8231.54,5085.78
2024-04-02,Product B,Electronics,North,Customer_31,7,21106.22,13103.65
2024-04-02,Product C,Accessories,South,Customer_17,7,6239.91,3631.14
2024-04-02,Product A,Electronics,West,Customer_30,8,19514.68,18148.652400000003
2024-04-02,Product A,Electronics,North,Customer_43,9,29847.34,23850.07
2024-04-03,Product A,Electronics,South,Customer_48,6,17676.48,15405.42
2024-04-03,Product D,Services,South,Customer_24,1,8333.43,7659.1
2024-04-03,Product A,Electronics,North,Customer_26,10,31833.82,25785.63
2024-04-03,Product B,Electronics,West,Customer_33,6,12996.79,11291.65
2024-04-03,Product E,Accessories,North,Customer_08,5,6983.74,4322.59
2024-04-03,Product A,Electronics,West,Customer_12,5,12178.52,11326.0236
2024-04-03,Product C,Accessories,North,Customer_26,8,7897.21,4103.89
2024-04-04,Product A,Electronics,South,Customer_29,8,24153.63,20647.41
2024-04-04,Product E,Accessories,North,Customer_52,3,4022.91,2462.8
2024-04-04,Product A,Electronics,North,Customer_35,5,16849.17,12641.36
2024-04-05,Product C,Accessories,West,Customer_45,9,5779.94,4767.76
2024-04-05,Product D,Services,East,Customer_24,1,8168.65,7677.51
2024-04-05,Product C,Accessories,North,Customer_29,8,7849.86,4272.22
2024-04-05,Product E,Accessories,East,Customer_47,5,6093.05,4083.29
2024-04-05,Product E,Accessories,North,Customer_15,2,2849.51,1638.59
2024-04-05,Product C,Accessories,East,Customer_24,5,4654.27,2602.6
2024-04-05,Product A,Electronics,West,Customer_26,9,19726.26,18345.4218
2024-04-05,Product E,Accessories,East,Customer_01,1,1252.62,855.9
2024-04-05,Product A,Electronics,West,Customer_09,5,11840.63,11011.785899999999
2024-04-06,Product A,Electronics,East,Customer_27,9,25803.6,23590.14
2024-04-06,Product C,Accessories,South,Customer_33,11,8960.9,5692.28
2024-04-06,Product A,Electronics,West,Customer_52,6,14033.45,13051.108500000002
2024-04-06,Product C,Accessories,South,Customer_45,7,6330.54,3747.46
2024-04-06,Product C,Accessories,South,Customer_12,6,5195.9,3049.03
2024-04-06,Product C,Accessories,West,Customer_39,6,4160.18,3207.35
2024-04-06,Product C,Accessories,East,Customer_08,8,6548.62,4235.24
2024-04-06,Product D,Services,West,Customer_39,2,11477.64,14835.04
2024-04-07,Product A,Electronics,South,Customer_04,6,18332.67,15462.74
2024-04-07,Product C,Accessories,South,Customer_21,8,6998.56,4226.06
2024-04-07,Product A,Electronics,South,Customer_45,12,37136.66,30384.82
2024-04-07,Product B,Electronics,South,Customer_01,4,11666.71,7498.0
2024-04-07,Product B,Electronics,West,Customer_05,3,7076.09,5881.86
2024-04-07,Product C,Accessories,South,Customer_38,4,3310.21,2053.13
2024-04-07,Product B,Electronics,South,Customer_52,4,10971.44,7561.28
2024-04-07,Product B,Electronics,East,Customer_06,6,16161.48,11545.81
2024-04-07,Product C,Accessories,South,Customer_34,4,3683.37,2050.65
2024-04-08,Product E,Accessories,South,Customer_43,5,6417.17,4185.55
2024-04-08,Product B,Electronics,West,Customer_19,2,4365.26,3725.83
2024-04-09,Product C,Accessories,East,Customer_42,6,5446.86,3127.44
2024-04-09,Product C,Accessories,South,Customer_27,9,8221.14,4632.6
2024-04-09,Product B,Electronics,North,Customer_44,6,17591.34,11149.67
2024-04-09,Product C,Accessories,South,Customer_27,9,7646.48,4746.95
2024-04-09,Product C,Accessories,East,Customer_50,7,6022.38,3564.22
2024-04-09,Product A,Electronics,West,Customer_36,5,12412.62,11543.736600000002
2024-04-09,Product C,Accessories,North,Customer_30,8,6984.2,4069.56
2024-04-10,Product B,Electronics,North,Customer_07,5,15763.73,9734.97
2024-04-10,Product E,Accessories,West,Customer_05,1,990.63,845.92
2024-04-10,Product A,Electronics,North,Customer_16,7,22270.56,17879.47
2024-04-10,Product C,Accessories,North,Customer_39,5,4929.59,2558.14
2024-04-10,Product B,Electronics,North,Customer_08,3,9473.72,5738.73
2024-04-10,Product E,Accessories,East,Customer_26,5,6844.43,4167.27
2024-04-10,Product E,Accessories,West,Customer_20,8,8214.77,6865.34
2024-04-11,Product C,Accessories,East,Customer_16,8,6514.35,4201.0
2024-04-11,Product E,Accessories,East,Customer_20,5,6146.64,4203.66
2024-04-11,Product C,Accessories,West,Customer_29,9,5870.18,4561.71
2024-04-11,Product B,Electronics,North,Customer_28,4,11654.37,7590.57
2024-04-12,Product C,Accessories,North,Customer_47,4,3733.02,2050.92
2024-04-12,Product C,Accessories,East,Customer_47,6,5029.69,3171.54
2024-04-12,Product A,Electronics,West,Customer_16,6,14976.6,13928.238000000001
2024-04-12,Product E,Accessories,North,Customer_06,4,5398.63,3340.64
2024-04-12,Product B,Electronics,South,Customer_14,5,14551.76,9479.16
2024-04-12,Product C,Accessories,South,Customer_15,8,7457.99,4188.92
2024-04-13,Product A,Electronics,East,Customer_05,5,14143.45,12779.36
2024-04-13,Product E,Accessories,West,Customer_32,5,4904.63,4213.01
2024-04-13,Product C,Accessories,West,Customer_18,9,5972.96,4763.3
2024-04-13,Product B,Electronics,North,Customer_18,1,2883.68,1854.0
2024-04-14,Product C,Accessories,South,Customer_19,5,4316.86,2538.83
2024-04-14,Product D,Services,West,Customer_06,1,5750.22,7453.81
2024-04-14,Product B,Electronics,South,Customer_10,5,13926.61,9291.75
2024-04-14,Product A,Electronics,South,Customer_48,7,20353.76,18117.86
2024-04-14,Product C,Accessories,East,Customer_10,7,6409.48,3709.16
2024-04-14,Product C,Accessories,West,Customer_22,9,6261.78,4812.82
2024-04-15,Product A,Electronics,North,Customer_29,4,12228.54,10286.98
2024-04-15,Product A,Electronics,North,Customer_37,7,22659.57,18759.9
2024-04-16,Product C,Accessories,North,Customer_20,8,7847.18,4183.87
2024-04-16,Product B,Electronics,South,Customer_26,7,19622.51,13543.05
2024-04-16,Product C,Accessories,North,Customer_46,9,7825.13,4684.64
2024-04-16,Product A,Electronics,East,Customer_11,6,17170.96,15468.44
2024-04-16,Product A,Electronics,North,Customer_42,10,31048.97,25725.55
2024-04-16,Product C,Accessories,East,Customer_44,4,3288.22,2120.13
2024-04-16,Product A,Electronics,South,Customer_21,7,21822.37,17695.2
2024-04-16,Product C,Accessories,North,Customer_50,8,7769.27,4188.23
2024-04-16,Product C,Accessories,South,Customer_18,8,6587.15,4110.53
2024-04-17,Product A,Electronics,South,Customer_21,8,23571.72,20522.52
2024-04-17,Product D,Services,South,Customer_10,1,7897.46,7630.45
2024-04-17,Product B,Electronics,North,Customer_24,5,14661.97,9560.5
2024-04-17,Product A,Electronics,East,Customer_41,6,17091.31,15894.918300000001
2024-04-17,Product D,Services,South,Customer_12,2,15288.65,15348.77
2024-04-17,Product A,Electronics,East,Customer_03,10,31454.67,25727.95
2024-04-18,Product A,Electronics,North,Customer_38,7,23165.53,18750.25
2024-04-18,Product E,Accessories,West,Customer_12,1,955.21,837.29
2024-04-18,Product B,Electronics,West,Customer_27,4,8770.53,7717.1
2024-04-18,Product C,Accessories,South,Customer_27,8,6787.94,4133.29
2024-04-18,Product C,Accessories,South,Customer_22,10,9252.92,5108.35
2024-04-18,Product D,Services,West,Customer_14,4,25357.74,30258.02
2024-04-19,Product C,Accessories,East,Customer_48,6,5200.11,3193.76
2024-04-19,Product E,Accessories,North,Customer_20,5,6870.42,4248.49
2024-04-19,Product A,Electronics,South,Customer_21,3,8552.28,7816.84
2024-04-20,Product C,Accessories,East,Customer_35,6,5234.85,3098.92
2024-04-20,Product A,Electronics,North,Customer_40,7,23833.59,18135.72
2024-04-20,Product C,Accessories,South,Customer_41,9,8281.44,4627.16
2024-04-20,Product C,Accessories,East,Customer_35,6,5203.2,3152.58
2024-04-21,Product A,Electronics,East,Customer_41,7,20720.62,18681.83
2024-04-21,Product A,Electronics,East,Customer_05,6,17300.45,16031.41
2024-04-21,Product C,Accessories,South,Customer_04,9,7361.98,4718.57
2024-04-21,Product B,Electronics,South,Customer_11,2,5712.48,3900.43
2024-04-21,Product C,Accessories,West,Customer_26,2,1396.88,1013.94
2024-04-21,Product A,Electronics,East,Customer_03,6,17365.57,15403.08
2024-04-21,Product C,Accessories,South,Customer_06,10,8215.8,5128.91
2024-04-21,Product C,Accessories,North,Customer_16,5,4929.26,2662.01
2024-04-22,Product A,Electronics,West,Customer_27,4,9270.21,8621.2953
2024-04-22,Product E,Accessories,East,Customer_43,3,4026.21,2517.45
2024-04-23,Product C,Accessories,South,Customer_44,4,3661.07,2056.72
2024-04-23,Product C,Accessories,North,Customer_22,11,10589.99,5630.85
2024-04-23,Product A,Electronics,East,Customer_06,5,15726.12,12702.94
2024-04-23,Product A,Electronics,North,Customer_27,4,13112.39,10498.37
2024-04-23,Product B,Electronics,West,Customer_52,6,12927.94,11169.2
2024-04-23,Product D,Services,East,Customer_43,6,43909.9,46204.15
2024-04-24,Product A,Electronics,West,Customer_16,11,25336.71,23563.1403
2024-04-24,Product C,Accessories,East,Customer_33,6,5437.48,3112.82
2024-04-24,Product C,Accessories,North,Customer_20,7,6713.24,3576.53
2024-04-24,Product E,Accessories,East,Customer_28,5,6831.86,4105.82
2024-04-24,Product C,Accessories,East,Customer_47,4,3380.26,2123.8
2024-04-24,Product C,Accessories,East,Customer_39,6,5350.83,3141.44
2024-04-24,Product D,Services,South,Customer_43,4,31762.5,29982.54
2024-04-25,Product A,Electronics,North,Customer_03,6,18575.09,15823.67
2024-04-25,Product C,Accessories,North,Customer_28,8,7927.54,4260.69
2024-04-26,Product C,Accessories,South,Customer_02,5,4565.3,2613.47
2024-04-26,Product C,Accessories,North,Customer_31,8,7187.39,4138.56
2024-04-26,Product E,Accessories,North,Customer_51,5,6994.91,4078.58
2024-04-26,Product C,Accessories,East,Customer_15,8,6826.38,4138.25
2024-04-26,Product A,Electronics,South,Customer_30,4,12369.76,10696.98
2024-04-26,Product C,Accessories,North,Customer_20,5,4496.83,2600.64
2024-04-27,Product E,Accessories,North,Customer_10,4,5403.11,3398.6
2024-04-27,Product A,Electronics,North,Customer_27,10,32447.34,26195.79
2024-04-27,Product B,Electronics,North,Customer_13,5,14322.95,9361.05
2024-04-27,Product E,Accessories,South,Customer_46,6,8022.32,5027.68
2024-04-27,Product E,Accessories,North,Customer_34,6,8473.94,5071.45
2024-05-01,Product E,Accessories,North,Customer_03,7,9120.34,6004.34
2024-05-01,Product A,Electronics,East,Customer_32,8,14566.28,13546.640400000002
2024-05-01,Product C,Accessories,North,Customer_27,7,5462.99,3561.62
2024-05-01,Product C,Accessories,South,Customer_02,9,6998.47,4682.21
2024-05-02,Product C,Accessories,East,Customer_13,9,6799.76,4650.91
2024-05-02,Product C,Accessories,South,Customer_11,9,6407.73,4820.18
2024-05-02,Product C,Accessories,East,Customer_37,7,5057.28,3599.78
2024-05-02,Product B,Electronics,East,Customer_13,2,5142.53,3861.56
2024-05-02,Product E,Accessories,North,Customer_20,1,1310.36,829.98
2024-05-02,Product A,Electronics,West,Customer_26,8,9157.73,8516.6889
2024-05-02,Product D,Services,South,Customer_39,3,21176.96,22551.77
2024-05-02,Product D,Services,East,Customer_13,2,13308.25,15116.13
2024-05-03,Product C,Accessories,West,Customer_02,9,4211.89,3917.0577000000003
2024-05-03,Product C,Accessories,North,Customer_29,8,6432.95,4061.02
2024-05-03,Product C,Accessories,South,Customer_30,8,5603.16,4239.21
2024-05-03,Product D,Services,North,Customer_02,2,14662.81,15180.94
2024-05-03,Product E,Accessories,North,Customer_28,6,7989.03,4900.5
2024-05-03,Product A,Electronics,East,Customer_26,7,12952.99,12046.280700000001
2024-05-03,Product E,Accessories,North,Customer_32,8,10295.07,6733.92
2024-05-03,Product D,Services,West,Customer_42,5,22264.55,37176.19
2024-05-04,Product E,Accessories,East,Customer_35,2,2202.76,1686.12
2024-05-04,Product A,Electronics,East,Customer_30,4,7770.28,7226.3604000000005
2024-05-04,Product E,Accessories,East,Customer_44,4,4664.02,3276.77
2024-05-04,Product C,Accessories,West,Customer_14,8,3434.82,3194.3826000000004
2024-05-04,Product E,Accessories,North,Customer_27,4,5085.48,3351.96
2024-05-05,Product C,Accessories,South,Customer_11,5,3491.94,2540.27
2024-05-05,Product A,Electronics,West,Customer_17,4,4670.77,4343.816100000001
2024-05-05,Product C,Accessories,North,Customer_19,8,6236.27,4151.98
2024-05-05,Product C,Accessories,North,Customer_14,9,7137.61,4626.33
2024-05-06,Product C,Accessories,South,Customer_37,10,7458.98,5232.78
2024-05-06,Product C,Accessories,North,Customer_31,7,5491.54,3656.68
2024-05-06,Product C,Accessories,East,Customer_27,9,6591.73,4773.31
2024-05-06,Product E,Accessories,East,Customer_40,5,5537.81,4319.96
2024-05-06,Product A,Electronics,East,Customer_11,6,11213.01,10428.0993
2024-05-06,Product B,Electronics,East,Customer_42,1,2719.52,1923.54
2024-05-06,Product A,Electronics,South,Customer_11,7,14173.21,13181.0853
2024-05-07,Product C,Accessories,South,Customer_42,11,7675.17,5866.03
2024-05-07,Product D,Services,East,Customer_30,1,6986.32,7635.35
2024-05-07,Product E,Accessories,South,Customer_19,3,3516.24,2594.58
2024-05-07,Product B,Electronics,East,Customer_35,6,15848.39,11274.47
2024-05-08,Product C,Accessories,South,Customer_19,7,5034.94,3626.67
2024-05-08,Product C,Accessories,West,Customer_04,4,1802.49,1676.3157
2024-05-08,Product B,Electronics,West,Customer_03,7,12076.62,11231.2566
2024-05-08,Product A,Electronics,East,Customer_01,9,18509.86,17214.1698
2024-05-08,Product E,Accessories,North,Customer_35,7,8422.86,5862.12
2024-05-09,Product B,Electronics,North,Customer_12,5,15456.82,9767.5
2024-05-09,Product A,Electronics,North,Customer_37,10,19223.82,17878.1526
2024-05-09,Product B,Electronics,East,Customer_37,4,11028.5,7611.01
2024-05-09,Product A,Electronics,West,Customer_03,6,6570.95,6110.9835
2024-05-09,Product B,Electronics,East,Customer_17,5,12995.76,9565.74
2024-05-09,Product B,Electronics,South,Customer_08,2,5495.38,3760.77
2024-05-10,Product D,Services,North,Customer_12,1,7347.33,7691.16
2024-05-10,Product C,Accessories,South,Customer_06,7,5400.41,3642.13
2024-05-10,Product D,Services,West,Customer_29,6,25169.84,44119.33
2024-05-10,Product B,Electronics,North,Customer_42,8,22222.34,15219.89
2024-05-10,Product A,Electronics,South,Customer_19,4,8032.3,7470.039000000001
2024-05-10,Product E,Accessories,East,Customer_17,4,4850.49,3395.97
2024-05-11,Product C,Accessories,North,Customer_37,9,7364.24,4766.34
2024-05-11,Product D,Services,North,Customer_20,4,31690.34,30745.74
2024-05-11,Product A,Electronics,North,Customer_02,4,8399.47,7811.5071
2024-05-11,Product C,Accessories,East,Customer_13,9,7135.84,4609.14
2024-05-11,Product C,Accessories,North,Customer_11,6,4874.76,3166.08
2024-05-11,Product A,Electronics,North,Customer_42,6,13193.71,12270.1503
2024-05-11,Product C,Accessories,West,Customer_28,7,3079.1,2863.563
2024-05-11,Product C,Accessories,West,Customer_36,8,3381.32,3144.6276000000003
2024-05-12,Product A,Electronics,East,Customer_44,8,14560.75,13541.497500000001
2024-05-12,Product A,Electronics,South,Customer_39,5,9183.27,8540.4411
2024-05-12,Product A,Electronics,East,Customer_28,4,7662.51,7126.134300000001
2024-05-12,Product E,Accessories,South,Customer_10,2,2514.79,1712.01
2024-05-12,Product A,Electronics,North,Customer_21,11,22444.52,20873.4036
2024-05-12,Product B,Electronics,South,Customer_30,4,11379.09,7550.13
2024-05-13,Product C,Accessories,West,Customer_32,9,4148.38,3857.9934000000003
2024-05-13,Product E,Accessories,South,Customer_43,5,6014.86,4155.95
2024-05-13,Product C,Accessories,North,Customer_21,9,7059.63,4614.97
2024-05-13,Product B,Electronics,West,Customer_31,6,10379.07,9652.535100000001
2024-05-13,Product B,Electronics,North,Customer_32,5,14579.83,9687.91
2024-05-13,Product D,Services,South,Customer_04,3,20109.58,23119.82
2024-05-14,Product C,Accessories,North,Customer_31,5,4155.34,2603.74
2024-05-14,Product C,Accessories,South,Customer_39,7,5067.42,3644.34
2024-05-14,Product E,Accessories,East,Customer_31,5,5957.88,4155.01
2024-05-14,Product C,Accessories,South,Customer_29,7,4937.63,3712.58
2024-05-15,Product B,Electronics,South,Customer_43,7,19628.18,13485.29
2024-05-15,Product A,Electronics,East,Customer_21,5,9465.37,8802.794100000001
2024-05-15,Product A,Electronics,West,Customer_11,8,9580.46,8909.8278
2024-05-15,Product B,Electronics,East,Customer_11,6,17490.3,11755.81
2024-05-15,Product A,Electronics,West,Customer_35,8,9027.11,8395.212300000001
2024-05-15,Product A,Electronics,North,Customer_11,6,11513.87,10707.8991
2024-05-16,Product A,Electronics,East,Customer_15,8,15036.95,13984.363500000001
2024-05-16,Product D,Services,West,Customer_33,3,12841.07,22673.06
2024-05-16,Product B,Electronics,North,Customer_38,3,8389.8,5580.58
2024-05-16,Product E,Accessories,West,Customer_27,5,3373.17,3137.0481000000004
2024-05-16,Product C,Accessories,North,Customer_25,9,6834.7,4609.72
2024-05-16,Product C,Accessories,North,Customer_44,7,5315.43,3569.16
2024-05-16,Product A,Electronics,East,Customer_21,5,9984.36,9285.454800000001
2024-05-16,Product A,Electronics,West,Customer_30,5,6202.37,5768.2041
2024-05-16,Product B,Electronics,South,Customer_23,2,5411.47,3854.74
2024-05-16,Product C,Accessories,East,Customer_01,7,5162.62,3752.2
2024-05-16,Product C,Accessories,North,Customer_09,9,7523.19,4642.85
2024-05-17,Product C,Accessories,South,Customer_35,7,5240.57,3709.81
2024-05-17,Product E,Accessories,South,Customer_31,4,4387.65,3308.41
2024-05-17,Product E,Accessories,North,Customer_15,5,6127.13,4080.52
2024-05-17,Product C,Accessories,South,Customer_37,9,6692.99,4831.18
2024-05-17,Product D,Services,East,Customer_38,7,50524.98,52094.33
2024-05-17,Product B,Electronics,North,Customer_24,6,18467.82,11093.01
2024-05-17,Product B,Electronics,South,Customer_25,4,10208.53,7708.5
2024-05-17,Product A,Electronics,West,Customer_25,9,10051.04,9347.467200000001
2024-05-18,Product E,Accessories,North,Customer_10,2,2611.64,1671.64
2024-05-18,Product A,Electronics,North,Customer_32,9,18048.35,16784.9655
2024-05-18,Product C,Accessories,West,Customer_27,7,3229.85,3003.7605
2024-05-18,Product C,Accessories,East,Customer_02,6,4684.61,3115.1
2024-05-18,Product D,Services,North,Customer_10,1,7975.06,7547.12
2024-05-18,Product C,Accessories,West,Customer_15,9,3859.22,3589.0746
2024-05-19,Product D,Services,East,Customer_12,2,13694.93,14785.1
2024-05-19,Product D,Services,South,Customer_24,2,13924.03,14943.32
2024-05-19,Product B,Electronics,East,Customer_14,1,2791.21,1878.61
2024-05-19,Product B,Electronics,North,Customer_04,7,18857.98,13262.0
2024-05-19,Product E,Accessories,North,Customer_06,5,6667.91,4198.9
2024-05-19,Product A,Electronics,West,Customer_01,3,3259.07,3030.9351
2024-05-19,Product C,Accessories,North,Customer_05,7,5523.1,3751.26
2024-05-19,Product B,Electronics,East,Customer_22,2,5303.13,3713.7
2024-05-19,Product A,Electronics,South,Customer_13,6,11112.93,10335.0249
2024-05-19,Product C,Accessories,South,Customer_41,7,5263.61,3662.27
2024-05-20,Product D,Services,North,Customer_18,1,7503.4,7717.56
2024-05-20,Product B,Electronics,East,Customer_05,7,19226.32,13663.86
2024-05-20,Product C,Accessories,South,Customer_07,7,5025.86,3564.75
2024-05-20,Product A,Electronics,East,Customer_39,9,18221.9,16946.367000000002
2024-05-20,Product C,Accessories,North,Customer_15,10,8013.14,5245.25
2024-05-20,Product D,Services,South,Customer_36,6,42934.92,45555.32
2024-05-20,Product C,Accessories,North,Customer_19,6,4476.15,3220.61
2024-05-20,Product B,Electronics,North,Customer_22,8,23060.36,15549.11
2024-05-20,Product C,Accessories,North,Customer_39,7,5380.73,3548.11
2024-05-21,Product A,Electronics,East,Customer_10,5,10194.85,9481.210500000001
2024-05-21,Product E,Accessories,North,Customer_43,4,5285.84,3362.69
2024-05-21,Product E,Accessories,North,Customer_10,3,3942.07,2558.64
2024-05-22,Product B,Electronics,West,Customer_13,2,3484.77,3240.8361
2024-05-22,Product A,Electronics,South,Customer_05,5,9279.69,8630.111700000001
2024-05-23,Product A,Electronics,North,Customer_37,9,19104.07,17766.7851
2024-05-23,Product A,Electronics,North,Customer_29,9,18876.23,17554.8939
2024-05-23,Product D,Services,West,Customer_01,5,22620.87,38402.66
2024-05-23,Product A,Electronics,East,Customer_19,2,4122.38,3833.8134000000005
2024-05-23,Product C,Accessories,East,Customer_38,11,7874.75,5687.32
2024-05-23,Product E,Accessories,North,Customer_19,4,5224.83,3305.54
2024-05-24,Product E,Accessories,North,Customer_14,2,2510.98,1673.69
2024-05-24,Product C,Accessories,West,Customer_24,7,2928.32,2723.3376000000003
2024-05-24,Product C,Accessories,West,Customer_44,7,3308.07,3076.5051000000003
2024-05-24,Product B,Electronics,East,Customer_08,3,7742.41,5767.58
2024-05-25,Product C,Accessories,West,Customer_09,10,4200.28,3906.2604
2024-05-25,Product A,Electronics,East,Customer_38,8,16362.03,15216.6879
2024-05-25,Product A,Electronics,West,Customer_26,8,9183.82,8540.9526
2024-05-25,Product C,Accessories,West,Customer_12,4,1680.66,1563.0138000000002
2024-05-25,Product C,Accessories,North,Customer_36,8,6141.26,4139.46
2024-05-25,Product A,Electronics,North,Customer_44,9,18383.69,17096.8317
2024-05-25,Product A,Electronics,North,Customer_08,10,19939.78,18543.9954
2024-05-25,Product B,Electronics,South,Customer_07,5,14502.07,9334.08
2024-05-26,Product C,Accessories,East,Customer_29,9,6858.94,4667.09
2024-05-27,Product B,Electronics,West,Customer_28,6,10277.8,9558.354
2024-05-27,Product C,Accessories,East,Customer_08,3,2076.76,1524.09
2024-06-01,Product A,Electronics,West,Customer_36,6,3081.99,2866.2507
2024-06-01,Product D,Services,North,Customer_36,4,26085.17,30603.32
2024-06-01,Product A,Electronics,East,Customer_37,7,8629.94,8025.8442000000005
2024-06-01,Product E,Accessories,East,Customer_19,6,6776.44,4942.6
2024-06-02,Product A,Electronics,East,Customer_12,4,4677.45,4350.0285
2024-06-02,Product E,Accessories,East,Customer_42,2,2146.96,1632.85
2024-06-02,Product C,Accessories,East,Customer_26,11,7106.71,5917.84
2024-06-02,Product B,Electronics,North,Customer_40,5,13250.24,9390.86
2024-06-02,Product E,Accessories,South,Customer_25,4,4016.31,3450.5
2024-06-02,Product E,Accessories,West,Customer_24,2,976.54,908.1822
2024-06-03,Product C,Accessories,South,Customer_15,8,5564.26,4207.13
2024-06-03,Product C,Accessories,West,Customer_02,6,1893.65,1761.0945000000002
2024-06-03,Product B,Electronics,West,Customer_28,6,6453.44,6001.6992
2024-06-04,Product B,Electronics,North,Customer_01,7,18367.46,12978.35
2024-06-04,Product D,Services,South,Customer_14,3,19821.73,22778.48
2024-06-04,Product A,Electronics,East,Customer_29,7,8963.31,8335.8783
2024-06-04,Product C,Accessories,North,Customer_40,10,7202.75,5203.37
2024-06-05,Product E,Accessories,West,Customer_09,5,2281.23,2121.5439
2024-06-05,Product A,Electronics,West,Customer_02,7,3837.98,3569.3214000000003
2024-06-05,Product C,Accessories,South,Customer_41,9,6376.65,4826.62
2024-06-05,Product E,Accessories,East,Customer_20,4,4187.04,3309.39
2024-06-05,Product B,Electronics,East,Customer_34,4,10490.32,7550.49
2024-06-05,Product B,Electronics,North,Customer_28,6,16482.43,11136.79
2024-06-05,Product E,Accessories,South,Customer_30,6,6606.74,5133.66
2024-06-05,Product D,Services,North,Customer_08,1,6687.21,7775.2
2024-06-05,Product A,Electronics,South,Customer_04,4,4585.72,4264.7196
2024-06-05,Product C,Accessories,East,Customer_18,7,4891.01,3715.18
2024-06-06,Product E,Accessories,South,Customer_25,4,4322.95,3414.46
2024-06-06,Product D,Services,West,Customer_23,2,5469.57,15553.0
2024-06-06,Product B,Electronics,North,Customer_13,6,15431.98,11750.55
2024-06-06,Product A,Electronics,East,Customer_38,9,10562.83,9823.4319
2024-06-06,Product A,Electronics,North,Customer_29,9,11001.73,10231.6089
2024-06-06,Product B,Electronics,South,Customer_22,9,21832.61,16646.76
2024-06-06,Product A,Electronics,West,Customer_06,5,2755.76,2562.8568000000005
2024-06-06,Product C,Accessories,East,Customer_41,8,5368.65,4178.95
2024-06-07,Product C,Accessories,North,Customer_41,10,6895.67,5077.2
2024-06-07,Product A,Electronics,South,Customer_25,8,10192.98,9479.4714
2024-06-07,Product E,Accessories,West,Customer_21,4,2006.57,1866.1101
2024-06-07,Product D,Services,North,Customer_40,5,34190.49,36762.87
2024-06-07,Product A,Electronics,West,Customer_09,6,3344.74,3110.6082
2024-06-07,Product B,Electronics,North,Customer_20,2,5484.31,3913.0
2024-06-08,Product E,Accessories,North,Customer_03,8,9230.83,6805.09
2024-06-08,Product E,Accessories,South,Customer_39,2,2012.23,1704.2
2024-06-08,Product E,Accessories,North,Customer_36,6,7147.71,4919.32
2024-06-08,Product A,Electronics,West,Customer_07,6,3131.46,2912.2578000000003
2024-06-08,Product C,Accessories,South,Customer_25,8,5308.59,4195.26
2024-06-09,Product A,Electronics,West,Customer_36,8,4107.61,3820.0773
2024-06-09,Product C,Accessories,East,Customer_17,9,5667.73,4774.75
2024-06-09,Product B,Electronics,East,Customer_21,4,9962.81,7772.0
2024-06-09,Product B,Electronics,West,Customer_23,5,5994.01,5574.429300000001
2024-06-09,Product A,Electronics,East,Customer_33,7,8044.02,7480.9386
2024-06-09,Product E,Accessories,North,Customer_18,3,3197.46,2483.02
2024-06-10,Product C,Accessories,West,Customer_20,5,1557.17,1448.1681
2024-06-10,Product A,Electronics,East,Customer_39,6,7161.81,6660.483300000001
2024-06-10,Product B,Electronics,North,Customer_19,4,10719.81,7680.24
2024-06-10,Product B,Electronics,South,Customer_04,6,14505.14,11200.34
2024-06-10,Product A,Electronics,East,Customer_10,5,6106.81,5679.3333
2024-06-11,Product C,Accessories,South,Customer_43,6,3750.55,3080.21
2024-06-11,Product B,Electronics,West,Customer_02,8,9129.13,8490.0909
2024-06-11,Product D,Services,West,Customer_04,4,12062.25,31031.22
2024-06-12,Product C,Accessories,East,Customer_11,7,4869.53,3746.44
2024-06-12,Product D,Services,South,Customer_33,2,13254.66,14762.63
2024-06-12,Product E,Accessories,West,Customer_10,3,1373.46,1277.3178
2024-06-12,Product A,Electronics,South,Customer_42,5,6432.88,5982.5784
2024-06-12,Product E,Accessories,South,Customer_30,4,4501.51,3371.91
2024-06-12,Product C,Accessories,South,Customer_44,8,5436.7,4210.9
2024-06-12,Product D,Services,North,Customer_16,1,6370.95,7730.9
2024-06-13,Product A,Electronics,West,Customer_11,9,4675.77,4348.466100000001
2024-06-13,Product B,Electronics,East,Customer_21,6,14473.58,11352.28
2024-06-13,Product B,Electronics,South,Customer_01,4,10589.53,7677.54
2024-06-14,Product B,Electronics,West,Customer_05,3,3213.48,2988.5364
2024-06-14,Product C,Accessories,North,Customer_07,8,5304.56,4233.65
2024-06-14,Product C,Accessories,East,Customer_07,11,7740.38,5675.87
2024-06-15,Product C,Accessories,East,Customer_28,5,3157.84,2599.25
2024-06-15,Product A,Electronics,East,Customer_33,7,8038.26,7475.581800000001
2024-06-15,Product A,Electronics,East,Customer_09,8,10256.84,9538.861200000001
2024-06-15,Product B,Electronics,West,Customer_15,6,7201.39,6697.292700000001
2024-06-15,Product C,Accessories,North,Customer_07,6,4428.49,3100.0
2024-06-15,Product A,Electronics,South,Customer_07,6,7067.09,6572.3937000000005
2024-06-15,Product C,Accessories,West,Customer_20,9,2550.93,2372.3649
2024-06-16,Product E,Accessories,South,Customer_27,6,6043.31,5094.2
2024-06-16,Product E,Accessories,North,Customer_08,1,1122.63,821.25
2024-06-16,Product A,Electronics,North,Customer_31,4,4817.71,4480.4703
2024-06-16,Product A,Electronics,East,Customer_05,8,9041.45,8408.5485
2024-06-16,Product E,Accessories,West,Customer_11,3,1396.38,1298.6334000000002
2024-06-17,Product C,Accessories,East,Customer_44,9,5785.8,4754.79
2024-06-17,Product E,Accessories,North,Customer_35,4,4255.1,3459.69
2024-06-17,Product C,Accessories,North,Customer_37,6,4056.61,3044.78
2024-06-17,Product C,Accessories,East,Customer_10,9,5870.42,4673.44
2024-06-17,Product A,Electronics,East,Customer_13,5,6401.38,5953.2834
2024-06-18,Product C,Accessories,East,Customer_14,5,3234.48,2681.42
2024-06-18,Product E,Accessories,North,Customer_06,3,3593.68,2497.34
2024-06-18,Product A,Electronics,East,Customer_01,8,9746.07,9063.8451
2024-06-18,Product B,Electronics,East,Customer_11,4,10531.04,7441.3
2024-06-18,Product C,Accessories,North,Customer_12,6,4098.78,3062.82
2024-06-18,Product B,Electronics,North,Customer_35,5,13878.17,9664.05
2024-06-18,Product A,Electronics,West,Customer_32,9,4773.78,4439.6154
2024-06-18,Product A,Electronics,West,Customer_36,5,2613.16,2430.2388
2024-06-18,Product C,Accessories,South,Customer_08,7,4747.07,3635.2
2024-06-19,Product C,Accessories,East,Customer_04,4,2833.86,2147.95
2024-06-19,Product C,Accessories,South,Customer_21,7,4469.43,3696.92
2024-06-19,Product E,Accessories,East,Customer_13,4,4134.64,3388.33
2024-06-20,Product C,Accessories,North,Customer_03,6,4432.47,3066.0
2024-06-20,Product B,Electronics,North,Customer_44,5,12934.72,9554.93
2024-06-21,Product C,Accessories,East,Customer_23,7,4937.64,3743.34
2024-06-21,Product A,Electronics,East,Customer_32,4,4619.25,4295.9025
2024-06-21,Product B,Electronics,South,Customer_02,2,4975.1,3771.43
2024-06-21,Product C,Accessories,North,Customer_26,6,4089.2,3053.37
2024-06-21,Product C,Accessories,South,Customer_03,9,5707.74,4704.24
2024-06-21,Product E,Accessories,North,Customer_26,6,6648.64,5107.02
2024-06-22,Product B,Electronics,North,Customer_25,4,10494.26,7402.52
2024-06-22,Product B,Electronics,East,Customer_18,4,10361.97,7453.02
2024-06-23,Product C,Accessories,South,Customer_26,8,5562.64,4292.04
2024-06-23,Product A,Electronics,West,Customer_02,5,2679.26,2491.7118000000005
2024-06-23,Product A,Electronics,North,Customer_13,8,9822.79,9135.194700000002
2024-06-23,Product A,Electronics,West,Customer_09,7,4001.69,3721.5717000000004
2024-06-23,Product C,Accessories,East,Customer_40,5,3378.84,2667.9
2024-06-24,Product C,Accessories,East,Customer_18,12,8316.01,6099.46
2024-06-24,Product C,Accessories,West,Customer_31,4,1291.92,1201.4856000000002
2024-06-24,Product C,Accessories,East,Customer_21,8,5043.93,4173.37
2024-06-24,Product C,Accessories,East,Customer_09,6,4051.53,3207.77
2024-06-24,Product E,Accessories,North,Customer_30,3,3239.34,2585.44
2024-06-25,Product B,Electronics,North,Customer_10,2,5527.59,3725.11
2024-06-25,Product B,Electronics,North,Customer_33,7,18459.72,13628.49
2024-06-25,Product E,Accessories,West,Customer_19,7,3519.89,3273.4977
2024-06-25,Product B,Electronics,East,Customer_37,2,5272.62,3753.49
2024-06-25,Product C,Accessories,North,Customer_15,9,6710.44,4779.32
2024-06-25,Product A,Electronics,North,Customer_22,6,8191.2,7617.816
2024-06-25,Product C,Accessories,South,Customer_27,6,3910.01,3156.37
2024-06-25,Product E,Accessories,South,Customer_32,1,1006.79,823.19
2024-06-25,Product A,Electronics,East,Customer_41,7,8080.26,7514.6418
2024-06-26,Product B,Electronics,South,Customer_41,3,7298.46,5722.1
2024-06-26,Product C,Accessories,East,Customer_39,7,4412.01,3682.11
2024-06-26,Product C,Accessories,East,Customer_10,6,3774.77,3180.89
2024-06-27,Product C,Accessories,South,Customer_10,8,5362.04,4189.61
2024-06-27,Product E,Accessories,West,Customer_04,6,2945.74,2739.5382
2024-06-27,Product E,Accessories,South,Customer_36,4,4077.15,3424.94
2024-06-27,Product A,Electronics,South,Customer_30,6,6994.19,6504.5967
2024-06-27,Product C,Accessories,South,Customer_35,8,5580.67,4100.43
2024-06-27,Product A,Electronics,East,Customer_40,9,10826.78,10068.905400000001
